,Original,After Cleaning
count,5234.0,10000.0
mean,40.197363393198316,40.0269
std,13.126420271966044,11.192636146162863
min,18.0,18.0
25%,29.0,32.0
50%,39.5,40.0
75%,52.0,48.0
max,64.0,64.0
