,Original,After Cleaning
count,10000.0,10000.0
mean,0.65,0.65
std,0.4769934509772546,0.4769934509772546
min,0.0,0.0
25%,0.0,0.0
50%,1.0,1.0
75%,1.0,1.0
max,1.0,1.0
