,Original,After Cleaning
count,10000.0,10000.0
mean,5060.2114,5060.2114
std,2861.758265253532,2861.758265253532
min,5.0,5.0
25%,2529.0,2529.0
50%,5218.0,5218.0
75%,7466.0,7466.0
max,10000.0,10000.0
